trace_id,duration_seconds,input_tokens,output_tokens,total_tokens,web_agent_input_tokens,web_agent_output_tokens,web_agent_total_tokens,state_synthesis_input_tokens,state_synthesis_output_tokens,state_synthesis_total_tokens,metadata
01e0111bc69eb998f0cf429a0c883929,165.453628,168171.0,3715.0,171886.0,137734.0,3283.0,141017.0,30437.0,432.0,30869.0,"{""session"": ""infinium"", ""variables"": {""address"": ""200 Frank H Ogawa Plz, Oakland, CA"", ""zip_code"": ""94612"", ""name_f"": ""Calvin"", ""name_l"": ""Navarro"", ""phone_num"": ""0406787535"", ""email"": ""ryan93@example.net""}}"
02107078595977f62f4f9819127493c0,78.094105,77858.0,1256.0,79114.0,61854.0,1062.0,62916.0,16004.0,194.0,16198.0,"{""session"": ""gvec"", ""variables"": {""address"": ""17th St, Oakland, CA, 94612"", ""only_address"": ""17th St"", ""city"": ""Oakland"", ""state"": ""CA"", ""zip_code"": ""94612"", ""email"": ""bradleydarlene@example.org""}}"
031280d73e044902020d6db5c8d07c4c,126.43327,155987.0,3604.0,159591.0,125111.0,3168.0,128279.0,30876.0,436.0,31312.0,"{""session"": ""pointbroadband"", ""variables"": {""address"": ""1700 Jefferson St, Oakland, CA"", ""zip_code"": ""94612""}}"
035e02f79bac5c8ce9ac140ba40275e2,89.653212,54611.0,960.0,55571.0,38787.0,757.0,39544.0,15824.0,203.0,16027.0,"{""session"": ""caecaccess"", ""variables"": {""address"": ""1625 Clay St, Oakland, CA"", ""zip_code"": ""94612""}}"
05278510971f67e69ad5a4939d99ad4c,84.114369,70822.0,2058.0,72880.0,63027.0,1839.0,64866.0,7795.0,219.0,8014.0,"{""session"": ""nuvera"", ""variables"": {""address"": ""1700 Jefferson St, Oakland, CA, 94612"", ""only_address"": ""1700 Jefferson St"", ""city"": ""Oakland"", ""state"": ""CA"", ""zip_code"": ""94612"", ""email"": ""jacksonjudy@example.org""}}"
06a2cb79fbeee736c8216855d3e3399a,91.654447,54361.0,884.0,55245.0,38636.0,704.0,39340.0,15725.0,180.0,15905.0,"{""session"": ""crossbeam"", ""variables"": {""address"": ""1700 Jefferson St, Oakland, CA"", ""zip_code"": ""94612""}}"
08dd5053499de06334ddb078be7939e6,79.941701,93133.0,1633.0,94766.0,70508.0,1286.0,71794.0,22625.0,347.0,22972.0,"{""session"": ""goenergynet"", ""variables"": {""address"": ""200 Frank H Ogawa Plz, Oakland, CA"", ""zip_code"": ""94612"", ""name_f"": ""Johnathan"", ""name_l"": ""Velazquez"", ""phone_num"": ""4757338220"", ""email"": ""rebeccalee@example.com""}}"
08e3aa66616617bb2aaa38a9b26c4ae5,42.012145,0.0,0.0,0.0,0.0,0.0,0.0,0.0,0.0,0.0,"{""session"": ""homeworks"", ""variables"": {""address"": ""1605 Clay St, Oakland, CA, 94612, Oakland, CA, 94612"", ""email"": ""toddboyer@example.net""}}"
094b3a4a92b65a7a4114b620e897348b,42.080583,0.0,0.0,0.0,0.0,0.0,0.0,0.0,0.0,0.0,"{""session"": ""homeworks"", ""variables"": {""address"": ""1700 Jefferson St, Oakland, CA, 94612, Oakland, CA, 94612"", ""email"": ""alexanderwilliamson@example.org""}}"
104961dc22681afd32d82074afa3e324,247.430733,283632.0,6364.0,289996.0,252908.0,5932.0,258840.0,30724.0,432.0,31156.0,"{""session"": ""dftcommunications"", ""variables"": {""address"": ""1625 Clay St, Oakland, CA"", ""zip_code"": ""94612""}}"
125fb8706a0eefd6af04cb6e4c697cc4,134.952721,117442.0,2550.0,119992.0,93795.0,2216.0,96011.0,23647.0,334.0,23981.0,"{""session"": ""pioncomm"", ""variables"": {""address"": ""17th St, Oakland, CA"", ""zip_code"": ""94612""}}"
1433bdfd37f894bbcf2b601bafdd6c3f,130.302504,146540.0,3408.0,149948.0,115257.0,2898.0,118155.0,31283.0,510.0,31793.0,"{""session"": ""teammidwest"", ""variables"": {""address"": ""17th St, Oakland, CA"", ""zip_code"": ""94612""}}"
17f10f2fe1c936dd86c9cacbbe9d6355,82.692155,95555.0,1624.0,97179.0,71741.0,1305.0,73046.0,23814.0,319.0,24133.0,"{""session"": ""buckeyebroadband"", ""variables"": {""address"": ""9683 MILLCROFT RD, PERRYSBURG, OH, 43551""}}"
181122a130548c9be91a58297147b918,177.411302,96125.0,2326.0,98451.0,72408.0,1896.0,74304.0,23717.0,430.0,24147.0,"{""session"": ""pioncomm"", ""variables"": {""address"": ""1625 Clay St, Oakland, CA"", ""zip_code"": ""94612""}}"
1bcbfa418d3a168c911876d023a60932,82.647338,47512.0,1101.0,48613.0,39925.0,957.0,40882.0,7587.0,144.0,7731.0,"{""session"": ""sprout"", ""variables"": {""address"": ""17th St, Oakland, CA"", ""zip_code"": ""94612""}}"
1c2e79d903f00e03d8917690107a1f74,81.653608,36977.0,788.0,37765.0,29203.0,680.0,29883.0,7774.0,108.0,7882.0,"{""session"": ""coosavalleytech"", ""variables"": {""address"": ""200 Frank H Ogawa Plz, Oakland, CA"", ""zip_code"": ""94612""}}"
1dba2c7624fe9ce86aa916415085ec6d,149.020657,98224.0,2347.0,100571.0,82682.0,2050.0,84732.0,15542.0,297.0,15839.0,"{""session"": ""duobroadband"", ""variables"": {""address"": ""200 Frank H Ogawa Plz, Oakland, CA"", ""zip_code"": ""94612""}}"
1f16bc0e174d44518a938f9707ef792d,144.253772,168473.0,3571.0,172044.0,137695.0,3108.0,140803.0,30778.0,463.0,31241.0,"{""session"": ""zirrus"", ""variables"": {""address"": ""200 Frank H Ogawa Plz, Oakland, CA"", ""zip_code"": ""94612""}}"
20bd23faa0562742a38f1c9d3687d246,31.627065,0.0,0.0,0.0,0.0,0.0,0.0,0.0,0.0,0.0,"{""session"": ""aeneas"", ""variables"": {""address"": ""200 Frank H Ogawa Plz, Oakland, CA"", ""zip_code"": ""94612""}}"
214c334e6b2d5dae716fcb78daeec78c,85.626397,54600.0,858.0,55458.0,38794.0,668.0,39462.0,15806.0,190.0,15996.0,"{""session"": ""caecaccess"", ""variables"": {""address"": ""1605 Clay St, Oakland, CA"", ""zip_code"": ""94612""}}"
216afb5f699afe30cecd0242dcbcb554,85.392168,96943.0,2925.0,99868.0,73130.0,2629.0,75759.0,23813.0,296.0,24109.0,"{""session"": ""buckeyebroadband"", ""variables"": {""address"": ""7847 BRAEBURN RD, HOLLAND, OH, 43528""}}"
227bde82fdd48939772ee37a6da7ce14,85.086315,92688.0,1636.0,94324.0,69887.0,1329.0,71216.0,22801.0,307.0,23108.0,"{""session"": ""pointbroadband"", ""variables"": {""address"": ""17th St, Oakland, CA"", ""zip_code"": ""94612""}}"
2327ea9dd612c9be92a170e5a2bcc746,149.236342,168644.0,3525.0,172169.0,137992.0,3055.0,141047.0,30652.0,470.0,31122.0,"{""session"": ""altamahafiber"", ""variables"": {""address"": ""17th St, Oakland, CA"", ""zip_code"": ""94612""}}"
2351190c16f7b1e1296fb1757fa07cc5,121.860069,135004.0,2513.0,137517.0,104050.0,2065.0,106115.0,30954.0,448.0,31402.0,"{""session"": ""arvig"", ""variables"": {""address"": ""17th St, Oakland, CA"", ""zip_code"": ""94612""}}"
2545f58307bd5fe6e2af0dc565508adf,122.670633,137308.0,3329.0,140637.0,106351.0,2914.0,109265.0,30957.0,415.0,31372.0,"{""session"": ""crossbeam"", ""variables"": {""address"": ""17th St, Oakland, CA"", ""zip_code"": ""94612""}}"
266e9d811fb3e1b00c075082e0e2b9a7,150.083876,133502.0,2644.0,136146.0,102915.0,2191.0,105106.0,30587.0,453.0,31040.0,"{""session"": ""sprout"", ""variables"": {""address"": ""200 Frank H Ogawa Plz, Oakland, CA"", ""zip_code"": ""94612""}}"
2955dcaeb2f95f37a9c41fb98cb01ab1,56.446769,37223.0,715.0,37938.0,29306.0,576.0,29882.0,7917.0,139.0,8056.0,"{""session"": ""allwest"", ""variables"": {""address"": ""1605 Clay St, Oakland, CA"", ""zip_code"": ""94612""}}"
2c9b746337eef42c72be8b2e2f113899,84.973599,95984.0,1744.0,97728.0,72170.0,1432.0,73602.0,23814.0,312.0,24126.0,"{""session"": ""buckeyebroadband"", ""variables"": {""address"": ""3698 RIDGEDALE LN , LAMBERTVILLE, MI, 48144""}}"
2d81defbe00eedc322533f0f0279db99,153.995003,140647.0,3666.0,144313.0,117089.0,3258.0,120347.0,23558.0,408.0,23966.0,"{""session"": ""nemont"", ""variables"": {""address"": ""200 Frank H Ogawa Plz, Oakland, CA"", ""zip_code"": ""94612""}}"
2ee9b0cab58fec4fd9a7bbb14c2e8816,187.602539,176186.0,4294.0,180480.0,136580.0,3551.0,140131.0,39606.0,743.0,40349.0,"{""session"": ""nemont"", ""variables"": {""address"": ""1700 Jefferson St, Oakland, CA"", ""zip_code"": ""94612""}}"
2ef249c64167abeae542b9497a1cc2c9,111.984145,132462.0,2425.0,134887.0,101950.0,2015.0,103965.0,30512.0,410.0,30922.0,"{""session"": ""gigupgreenwood"", ""variables"": {""address"": ""1625 Clay St, Oakland, CA"", ""zip_code"": ""94612""}}"
3043f7034370850c874d1f56238d35ec,25.84008,0.0,0.0,0.0,0.0,0.0,0.0,0.0,0.0,0.0,"{""session"": ""woodruffelectric"", ""variables"": {""address"": ""1605 Clay St, Oakland, CA"", ""zip_code"": ""94612""}}"
30c1d1a7f62362b8c071d99fe9bc0a7d,84.256303,84243.0,1344.0,85587.0,59571.0,1047.0,60618.0,24672.0,297.0,24969.0,"{""session"": ""furtherreach"", ""variables"": {""address"": ""1700 Jefferson St, Oakland, CA"", ""zip_code"": ""94612""}}"
311b57c89d9a140456bc6f54be2871ef,74.488548,37286.0,706.0,37992.0,29369.0,569.0,29938.0,7917.0,137.0,8054.0,"{""session"": ""allwest"", ""variables"": {""address"": ""200 Frank H Ogawa Plz, Oakland, CA"", ""zip_code"": ""94612""}}"
32b1922dd7d25efad70f535d10b26d14,101.863133,117134.0,2829.0,119963.0,94064.0,2444.0,96508.0,23070.0,385.0,23455.0,"{""session"": ""nuvera"", ""variables"": {""address"": ""17th St, Oakland, CA, 94612"", ""only_address"": ""17th St"", ""city"": ""Oakland"", ""state"": ""CA"", ""zip_code"": ""94612"", ""email"": ""alexanderflores@example.org""}}"
335c079f0b82c86da0472dd503976b76,165.635463,149735.0,3704.0,153439.0,126332.0,3250.0,129582.0,23403.0,454.0,23857.0,"{""session"": ""personaltouchcomm"", ""variables"": {""address"": ""1700 Jefferson St, Oakland, CA"", ""zip_code"": ""94612""}}"
341f3bf58fa471dbe2f363a656872fcd,28.49737,0.0,0.0,0.0,0.0,0.0,0.0,0.0,0.0,0.0,"{""session"": ""empower"", ""variables"": {""address"": ""1700 Jefferson St, Oakland, CA"", ""zip_code"": ""94612""}}"
343c4f16724cdbcc7e99812f319af94d,116.013549,125815.0,3260.0,129075.0,103325.0,2918.0,106243.0,22490.0,342.0,22832.0,"{""session"": ""etex"", ""variables"": {""address"": ""1625 Clay St, Oakland, CA"", ""zip_code"": ""94612"", ""name_f"": ""Tracey"", ""name_l"": ""Cole"", ""phone_num"": ""8441565306"", ""email"": ""tammyduarte@example.org""}}"
392d969f625e05a84d908312040e117f,117.321271,120001.0,3213.0,123214.0,104449.0,2884.0,107333.0,15552.0,329.0,15881.0,"{""session"": ""nemont"", ""variables"": {""address"": ""1625 Clay St, Oakland, CA"", ""zip_code"": ""94612""}}"
3e5c362e4fb8212eb98b37f73db05492,78.312703,54947.0,800.0,55747.0,39181.0,612.0,39793.0,15766.0,188.0,15954.0,"{""session"": ""arvig"", ""variables"": {""address"": ""1605 Clay St, Oakland, CA"", ""zip_code"": ""94612""}}"
3f1a2e34f8e17ff7f8573cc4cfed6f74,78.064332,47290.0,999.0,48289.0,39703.0,852.0,40555.0,7587.0,147.0,7734.0,"{""session"": ""sprout"", ""variables"": {""address"": ""1605 Clay St, Oakland, CA"", ""zip_code"": ""94612""}}"
407409d2f820856e4befebfc9ee90f39,76.491266,93170.0,1772.0,94942.0,70572.0,1444.0,72016.0,22598.0,328.0,22926.0,"{""session"": ""goenergynet"", ""variables"": {""address"": ""1625 Clay St, Oakland, CA"", ""zip_code"": ""94612"", ""name_f"": ""Jason"", ""name_l"": ""Craig"", ""phone_num"": ""1382590408"", ""email"": ""cookhaley@example.org""}}"
411b2236e193a10d7320ccf82539c9b1,85.016599,71065.0,2130.0,73195.0,63270.0,1940.0,65210.0,7795.0,190.0,7985.0,"{""session"": ""nuvera"", ""variables"": {""address"": ""200 Frank H Ogawa Plz, Oakland, CA, 94612"", ""only_address"": ""200 Frank H Ogawa Plz"", ""city"": ""Oakland"", ""state"": ""CA"", ""zip_code"": ""94612"", ""email"": ""samantha41@example.com""}}"
41516f74366353643b75734cf1ea7ece,39.402735,0.0,0.0,0.0,0.0,0.0,0.0,0.0,0.0,0.0,"{""session"": ""hyak"", ""variables"": {""address"": ""1700 Jefferson St, Oakland, CA"", ""zip_code"": ""94612""}}"
428d1cef137745a84582edb348637784,54.769028,64199.0,1060.0,65259.0,49026.0,897.0,49923.0,15173.0,163.0,15336.0,"{""session"": ""ezeefiber"", ""variables"": {""address"": ""17th St, Oakland, CA"", ""zip_code"": ""94612""}}"
428f6e00e1b9c74d1fda6671f003d08c,74.953264,37044.0,690.0,37734.0,29259.0,560.0,29819.0,7785.0,130.0,7915.0,"{""session"": ""cceca"", ""variables"": {""address"": ""1605 Clay St, Oakland, CA"", ""zip_code"": ""94612""}}"
43306acf303c784d8ce284f5c8e35cbd,82.426282,83030.0,1547.0,84577.0,59600.0,1256.0,60856.0,23430.0,291.0,23721.0,"{""session"": ""allwest"", ""variables"": {""address"": ""17th St, Oakland, CA"", ""zip_code"": ""94612""}}"
4582ea9820d1e8e2e15812af4cd75e8b,68.874076,37467.0,858.0,38325.0,29550.0,745.0,30295.0,7917.0,113.0,8030.0,"{""session"": ""allwest"", ""variables"": {""address"": ""1700 Jefferson St, Oakland, CA"", ""zip_code"": ""94612""}}"
47e30ffc21d4a9926738ea53ad3483e6,81.295324,36894.0,723.0,37617.0,29130.0,613.0,29743.0,7764.0,110.0,7874.0,"{""session"": ""oklatel"", ""variables"": {""address"": ""200 Frank H Ogawa Plz, Oakland, CA"", ""zip_code"": ""94612""}}"
48bc34f0c76bffeda4b86af0eddebdef,118.010676,36865.0,775.0,37640.0,28948.0,648.0,29596.0,7917.0,127.0,8044.0,"{""session"": ""allwest"", ""variables"": {""address"": ""1625 Clay St, Oakland, CA"", ""zip_code"": ""94612""}}"
495ac252c14cc5956b5408af46132318,102.354224,104223.0,2118.0,106341.0,81480.0,1801.0,83281.0,22743.0,317.0,23060.0,"{""session"": ""ozarkfiber"", ""variables"": {""address"": ""1625 Clay St, Oakland, CA"", ""zip_code"": ""94612""}}"
4a092019db11eb5521e3960cff2dd7ae,77.452043,84275.0,1500.0,85775.0,69477.0,1321.0,70798.0,14798.0,179.0,14977.0,"{""session"": ""pointbroadband"", ""variables"": {""address"": ""1625 Clay St, Oakland, CA"", ""zip_code"": ""94612""}}"
4c9a940ad78fe9de831ed2537095eb90,161.577101,177012.0,3472.0,180484.0,146518.0,2994.0,149512.0,30494.0,478.0,30972.0,"{""session"": ""dftcommunications"", ""variables"": {""address"": ""200 Frank H Ogawa Plz, Oakland, CA"", ""zip_code"": ""94612""}}"
4da9eb825b797abfdbf8f57082e9fc50,72.037134,83889.0,1460.0,85349.0,60635.0,1220.0,61855.0,23254.0,240.0,23494.0,"{""session"": ""woodruffelectric"", ""variables"": {""address"": ""200 Frank H Ogawa Plz, Oakland, CA"", ""zip_code"": ""94612""}}"
4ed5e90a09e448aca79a50921199fb7b,143.196995,166977.0,3399.0,170376.0,136291.0,2922.0,139213.0,30686.0,477.0,31163.0,"{""session"": ""connectctc"", ""variables"": {""address"": ""17th St, Oakland, CA"", ""zip_code"": ""94612""}}"
4f67c400b051a6c7c1e858bc73565838,112.9218,133018.0,2468.0,135486.0,102494.0,2059.0,104553.0,30524.0,409.0,30933.0,"{""session"": ""gigupgreenwood"", ""variables"": {""address"": ""1605 Clay St, Oakland, CA"", ""zip_code"": ""94612""}}"
4fa32b45d138f12f5b2407b2ba4a16ea,79.051839,36852.0,679.0,37531.0,29090.0,566.0,29656.0,7762.0,113.0,7875.0,"{""session"": ""coosavalleytech"", ""variables"": {""address"": ""1700 Jefferson St, Oakland, CA"", ""zip_code"": ""94612""}}"
523e8082c3b2449b5f35e70a262e58f9,125.217391,143757.0,3041.0,146798.0,113503.0,2595.0,116098.0,30254.0,446.0,30700.0,"{""session"": ""etex"", ""variables"": {""address"": ""1605 Clay St, Oakland, CA"", ""zip_code"": ""94612"", ""name_f"": ""Alexandra"", ""name_l"": ""Bush"", ""phone_num"": ""6689150966"", ""email"": ""kelseygoodwin@example.com""}}"
5257dc57a84889505ffa5d963e172735,218.368628,148438.0,4238.0,152676.0,116758.0,3716.0,120474.0,31680.0,522.0,32202.0,"{""session"": ""pioncomm"", ""variables"": {""address"": ""1605 Clay St, Oakland, CA"", ""zip_code"": ""94612""}}"
53e4e91ef6fa78aea528cdcccdd23811,78.739505,84267.0,1372.0,85639.0,59625.0,1076.0,60701.0,24642.0,296.0,24938.0,"{""session"": ""furtherreach"", ""variables"": {""address"": ""17th St, Oakland, CA"", ""zip_code"": ""94612""}}"
54ec37f8aa58556f7805a267f004c14b,83.153744,70890.0,2295.0,73185.0,63095.0,2094.0,65189.0,7795.0,201.0,7996.0,"{""session"": ""nuvera"", ""variables"": {""address"": ""1625 Clay St, Oakland, CA, 94612"", ""only_address"": ""1625 Clay St"", ""city"": ""Oakland"", ""state"": ""CA"", ""zip_code"": ""94612"", ""email"": ""acevedomaria@example.com""}}"
550d03fe60721f9e1de47b8c27777135,165.973474,168558.0,3676.0,172234.0,137467.0,3226.0,140693.0,31091.0,450.0,31541.0,"{""session"": ""peariver"", ""variables"": {""address"": ""1605 Clay St, Oakland, CA"", ""zip_code"": ""94612"", ""name_f"": ""Richard"", ""name_l"": ""Stafford"", ""phone_num"": ""2416607394"", ""email"": ""marydavis@example.net""}}"
55156cf1e141ebffbbf3525842deaabc,160.165679,163494.0,3465.0,166959.0,125538.0,2909.0,128447.0,37956.0,556.0,38512.0,"{""session"": ""etex"", ""variables"": {""address"": ""200 Frank H Ogawa Plz, Oakland, CA"", ""zip_code"": ""94612"", ""name_f"": ""Samantha"", ""name_l"": ""Wilson"", ""phone_num"": ""1281940142"", ""email"": ""xsullivan@example.net""}}"
58b83cda496d566fbd1cb68c31077541,25.925,0.0,0.0,0.0,0.0,0.0,0.0,0.0,0.0,0.0,"{""session"": ""empower"", ""variables"": {""address"": ""1605 Clay St, Oakland, CA"", ""zip_code"": ""94612""}}"
58c4e5760777708363c3a8bd786a08e0,131.197411,145993.0,3297.0,149290.0,114694.0,2823.0,117517.0,31299.0,474.0,31773.0,"{""session"": ""teammidwest"", ""variables"": {""address"": ""1605 Clay St, Oakland, CA"", ""zip_code"": ""94612""}}"
594d6f8dd5d5b567bca7f2de17aa7581,82.074625,84181.0,1379.0,85560.0,59512.0,1116.0,60628.0,24669.0,263.0,24932.0,"{""session"": ""furtherreach"", ""variables"": {""address"": ""1605 Clay St, Oakland, CA"", ""zip_code"": ""94612""}}"
59aa5efa1f5e34f419ddeee943a36b95,83.527514,55080.0,921.0,56001.0,39296.0,683.0,39979.0,15784.0,238.0,16022.0,"{""session"": ""arvig"", ""variables"": {""address"": ""1625 Clay St, Oakland, CA"", ""zip_code"": ""94612""}}"
59f9c6f4c81fdc5783a2e5fb360fcdfd,72.82545,74502.0,1186.0,75688.0,59320.0,996.0,60316.0,15182.0,190.0,15372.0,"{""session"": ""ezeefiber"", ""variables"": {""address"": ""200 Frank H Ogawa Plz, Oakland, CA"", ""zip_code"": ""94612""}}"
5a7b62c98848bf3795ab82db73b10971,105.511799,86638.0,1745.0,88383.0,71065.0,1454.0,72519.0,15573.0,291.0,15864.0,"{""session"": ""duobroadband"", ""variables"": {""address"": ""1605 Clay St, Oakland, CA"", ""zip_code"": ""94612""}}"
5bf427c52a4a5eb46425bd48ce1539ce,51.994666,0.0,0.0,0.0,0.0,0.0,0.0,0.0,0.0,0.0,"{""session"": ""altamahafiber"", ""variables"": {""address"": ""200 Frank H Ogawa Plz, Oakland, CA"", ""zip_code"": ""94612""}}"
5d1bd431f03bc496c2c45db9b7f6b17c,100.710131,54636.0,952.0,55588.0,38812.0,757.0,39569.0,15824.0,195.0,16019.0,"{""session"": ""caecaccess"", ""variables"": {""address"": ""200 Frank H Ogawa Plz, Oakland, CA"", ""zip_code"": ""94612""}}"
5d424d0c393b08e0721f70976fafe47f,87.687831,37244.0,807.0,38051.0,29465.0,665.0,30130.0,7779.0,142.0,7921.0,"{""session"": ""cceca"", ""variables"": {""address"": ""1700 Jefferson St, Oakland, CA"", ""zip_code"": ""94612""}}"
66b2270b798e4441aeb05220d0a7ffcd,85.962531,92352.0,1769.0,94121.0,69542.0,1433.0,70975.0,22810.0,336.0,23146.0,"{""session"": ""pointbroadband"", ""variables"": {""address"": ""200 Frank H Ogawa Plz, Oakland, CA"", ""zip_code"": ""94612""}}"
6af430d2d72a0bfa408a22f2c110c487,74.220279,93478.0,1642.0,95120.0,70898.0,1333.0,72231.0,22580.0,309.0,22889.0,"{""session"": ""goenergynet"", ""variables"": {""address"": ""17th St, Oakland, CA"", ""zip_code"": ""94612"", ""name_f"": ""Michelle"", ""name_l"": ""Gibson"", ""phone_num"": ""4251117520"", ""email"": ""prattsamantha@example.com""}}"
6b3b7b7257f123e1302187b390bf2f3c,199.553078,154765.0,3385.0,158150.0,114964.0,2709.0,117673.0,39801.0,676.0,40477.0,"{""session"": ""pioncomm"", ""variables"": {""address"": ""1625 Clay St, Oakland, CA"", ""zip_code"": ""94612""}}"
6c286baa4385704b917de03cbe7d5af3,30.089271,0.0,0.0,0.0,0.0,0.0,0.0,0.0,0.0,0.0,"{""session"": ""aeneas"", ""variables"": {""address"": ""1700 Jefferson St, Oakland, CA"", ""zip_code"": ""94612""}}"
6d17315fb7b507adeccebf678d834963,185.287555,176331.0,12138.0,188469.0,146051.0,11668.0,157719.0,30280.0,470.0,30750.0,"{""session"": ""lcub"", ""variables"": {""address"": ""200 Frank H Ogawa Plz, Oakland, CA"", ""zip_code"": ""94612""}}"
6e14afb56894e5346394f469a6336281,35.550962,0.0,0.0,0.0,0.0,0.0,0.0,0.0,0.0,0.0,"{""session"": ""gvec"", ""variables"": {""address"": ""1625 Clay St, Oakland, CA, 94612"", ""only_address"": ""1625 Clay St"", ""city"": ""Oakland"", ""state"": ""CA"", ""zip_code"": ""94612"", ""email"": ""yjohnson@example.org""}}"
6eda7aa3029dbb80b8cd9f3870e909e4,73.097759,36824.0,670.0,37494.0,29072.0,543.0,29615.0,7752.0,127.0,7879.0,"{""session"": ""oklatel"", ""variables"": {""address"": ""1625 Clay St, Oakland, CA"", ""zip_code"": ""94612""}}"
721f76d39222b3644fc2c6bb81bd647f,76.979769,83397.0,1234.0,84631.0,60142.0,954.0,61096.0,23255.0,280.0,23535.0,"{""session"": ""aeneas"", ""variables"": {""address"": ""17th St, Oakland, CA"", ""zip_code"": ""94612""}}"
75425027d11546937542d65cb848a61f,153.464212,178220.0,4151.0,182371.0,146913.0,3692.0,150605.0,31307.0,459.0,31766.0,"{""session"": ""caecaccess"", ""variables"": {""address"": ""17th St, Oakland, CA"", ""zip_code"": ""94612""}}"
78aacc7d1c6569484c7f0ba56bbcfdef,36.995639,0.0,0.0,0.0,0.0,0.0,0.0,0.0,0.0,0.0,"{""session"": ""gvec"", ""variables"": {""address"": ""1700 Jefferson St, Oakland, CA, 94612"", ""only_address"": ""1700 Jefferson St"", ""city"": ""Oakland"", ""state"": ""CA"", ""zip_code"": ""94612"", ""email"": ""powersmelanie@example.net""}}"
78c594dd839b876c41ebde68ec8ea296,132.586712,168664.0,3549.0,172213.0,137983.0,3078.0,141061.0,30681.0,471.0,31152.0,"{""session"": ""hyak"", ""variables"": {""address"": ""1605 Clay St, Oakland, CA"", ""zip_code"": ""94612""}}"
7984bdb067bf8aa0ba679fd82834020a,163.613055,170859.0,3771.0,174630.0,139809.0,3345.0,143154.0,31050.0,426.0,31476.0,"{""session"": ""peariver"", ""variables"": {""address"": ""200 Frank H Ogawa Plz, Oakland, CA"", ""zip_code"": ""94612"", ""name_f"": ""Margaret"", ""name_l"": ""Jones"", ""phone_num"": ""3574169648"", ""email"": ""martinezscott@example.net""}}"
7bb489754fbca02bfa96b6e9480bcfaa,137.488183,133865.0,2576.0,136441.0,103135.0,2153.0,105288.0,30730.0,423.0,31153.0,"{""session"": ""duobroadband"", ""variables"": {""address"": ""17th St, Oakland, CA"", ""zip_code"": ""94612""}}"
7fb6b2cf8e5c74c845ecee088d16685c,76.364065,37129.0,729.0,37858.0,29332.0,598.0,29930.0,7797.0,131.0,7928.0,"{""session"": ""cceca"", ""variables"": {""address"": ""1625 Clay St, Oakland, CA"", ""zip_code"": ""94612""}}"
828302a6c441363e9c508cf3e21e2890,126.269193,118972.0,2901.0,121873.0,103430.0,2591.0,106021.0,15542.0,310.0,15852.0,"{""session"": ""personaltouchcomm"", ""variables"": {""address"": ""1625 Clay St, Oakland, CA"", ""zip_code"": ""94612""}}"
82ff747fda02387eb2c58fb9e8277e85,76.836933,92909.0,1606.0,94515.0,70311.0,1279.0,71590.0,22598.0,327.0,22925.0,"{""session"": ""goenergynet"", ""variables"": {""address"": ""1605 Clay St, Oakland, CA"", ""zip_code"": ""94612"", ""name_f"": ""Danielle"", ""name_l"": ""Hernandez"", ""phone_num"": ""9625004238"", ""email"": ""lesliemorris@example.com""}}"
870be5520d4831296d016327a0a11c19,81.621856,84321.0,1375.0,85696.0,59667.0,1116.0,60783.0,24654.0,259.0,24913.0,"{""session"": ""furtherreach"", ""variables"": {""address"": ""1625 Clay St, Oakland, CA"", ""zip_code"": ""94612""}}"
879a8449de569a04c68bf9c5bbaf3e8b,30.152714,0.0,0.0,0.0,0.0,0.0,0.0,0.0,0.0,0.0,"{""session"": ""empower"", ""variables"": {""address"": ""200 Frank H Ogawa Plz, Oakland, CA"", ""zip_code"": ""94612""}}"
8849eebee16919f49356ca444ed94a80,145.10362,166385.0,3490.0,169875.0,136063.0,3059.0,139122.0,30322.0,431.0,30753.0,"{""session"": ""lcub"", ""variables"": {""address"": ""1700 Jefferson St, Oakland, CA"", ""zip_code"": ""94612""}}"
8851def63a17b4aa8360fb07b9d06fb9,157.064278,169643.0,3615.0,173258.0,138540.0,3163.0,141703.0,31103.0,452.0,31555.0,"{""session"": ""peariver"", ""variables"": {""address"": ""1700 Jefferson St, Oakland, CA"", ""zip_code"": ""94612"", ""name_f"": ""Brian"", ""name_l"": ""Reyes"", ""phone_num"": ""8005657350"", ""email"": ""michaelmiller@example.org""}}"
885637f2e2228b3f4daa16c104da1c8d,131.02601,168335.0,3786.0,172121.0,137876.0,3350.0,141226.0,30459.0,436.0,30895.0,"{""session"": ""oklatel"", ""variables"": {""address"": ""17th St, Oakland, CA"", ""zip_code"": ""94612""}}"
89f41b4f9acbb3d70b03aec7186dd258,25.846561,0.0,0.0,0.0,0.0,0.0,0.0,0.0,0.0,0.0,"{""session"": ""empower"", ""variables"": {""address"": ""1625 Clay St, Oakland, CA"", ""zip_code"": ""94612""}}"
8d5939fb688eee78e868cdf78a4e5ec7,85.682809,37197.0,827.0,38024.0,29397.0,703.0,30100.0,7800.0,124.0,7924.0,"{""session"": ""cceca"", ""variables"": {""address"": ""200 Frank H Ogawa Plz, Oakland, CA"", ""zip_code"": ""94612""}}"
8dbbef8cd963aea00162fa07d297de3f,134.411901,164461.0,3137.0,167598.0,134077.0,2704.0,136781.0,30384.0,433.0,30817.0,"{""session"": ""lcub"", ""variables"": {""address"": ""1605 Clay St, Oakland, CA"", ""zip_code"": ""94612""}}"
8e5e4bf7eb0ffcf92ec3a87d30415184,101.003636,65678.0,1294.0,66972.0,49917.0,1077.0,50994.0,15761.0,217.0,15978.0,"{""session"": ""arvig"", ""variables"": {""address"": ""1700 Jefferson St, Oakland, CA"", ""zip_code"": ""94612""}}"
9012837a1dae316b9eca1c00ad8d8378,103.921709,126307.0,2508.0,128815.0,103500.0,2217.0,105717.0,22807.0,291.0,23098.0,"{""session"": ""pointbroadband"", ""variables"": {""address"": ""1605 Clay St, Oakland, CA"", ""zip_code"": ""94612""}}"
908fa6e5977c3e44222a34acf54ff32b,67.096102,82909.0,1352.0,84261.0,60547.0,1119.0,61666.0,22362.0,233.0,22595.0,"{""session"": ""empower"", ""variables"": {""address"": ""17th St, Oakland, CA"", ""zip_code"": ""94612""}}"
90a46a3a5e3f05d46eeb6de74289fba8,46.220616,0.0,0.0,0.0,0.0,0.0,0.0,0.0,0.0,0.0,"{""session"": ""altamahafiber"", ""variables"": {""address"": ""1605 Clay St, Oakland, CA"", ""zip_code"": ""94612""}}"
9143d96b1c55075eeebcf5766e55e28f,96.221396,54482.0,987.0,55469.0,38733.0,764.0,39497.0,15749.0,223.0,15972.0,"{""session"": ""crossbeam"", ""variables"": {""address"": ""200 Frank H Ogawa Plz, Oakland, CA"", ""zip_code"": ""94612""}}"
9149a7aef1d58313c68e11e5bface5d7,69.554435,74703.0,1266.0,75969.0,59528.0,1087.0,60615.0,15175.0,179.0,15354.0,"{""session"": ""ezeefiber"", ""variables"": {""address"": ""1625 Clay St, Oakland, CA"", ""zip_code"": ""94612""}}"
922607d09e78ee655957e842879598b4,40.143283,0.0,0.0,0.0,0.0,0.0,0.0,0.0,0.0,0.0,"{""session"": ""homeworks"", ""variables"": {""address"": ""1625 Clay St, Oakland, CA, 94612, Oakland, CA, 94612"", ""email"": ""hallscott@example.net""}}"
922ced809740a6778c41b1d5d3aae4fd,80.529455,36929.0,657.0,37586.0,29164.0,557.0,29721.0,7765.0,100.0,7865.0,"{""session"": ""connectctc"", ""variables"": {""address"": ""200 Frank H Ogawa Plz, Oakland, CA"", ""zip_code"": ""94612""}}"
92a7b19846fa98ebcec136a1cbc6b102,159.924312,171230.0,4367.0,175597.0,140139.0,3922.0,144061.0,31091.0,445.0,31536.0,"{""session"": ""peariver"", ""variables"": {""address"": ""1625 Clay St, Oakland, CA"", ""zip_code"": ""94612"", ""name_f"": ""Nathan"", ""name_l"": ""Dickson"", ""phone_num"": ""3376502142"", ""email"": ""justinwallace@example.org""}}"
92e797f2f42c8a3aebf92a62a4e15492,28.345586,0.0,0.0,0.0,0.0,0.0,0.0,0.0,0.0,0.0,"{""session"": ""aeneas"", ""variables"": {""address"": ""1605 Clay St, Oakland, CA"", ""zip_code"": ""94612""}}"
978856166bb6c77ebc0f86f519e97e0a,28.560953,0.0,0.0,0.0,0.0,0.0,0.0,0.0,0.0,0.0,"{""session"": ""aeneas"", ""variables"": {""address"": ""1625 Clay St, Oakland, CA"", ""zip_code"": ""94612""}}"
99b1a7a1058a3eb25d314306f47f6682,87.942416,84241.0,1360.0,85601.0,59553.0,1076.0,60629.0,24688.0,284.0,24972.0,"{""session"": ""furtherreach"", ""variables"": {""address"": ""200 Frank H Ogawa Plz, Oakland, CA"", ""zip_code"": ""94612""}}"
9a7f203658c8b5d117a5e74fb5513956,57.052404,0.0,0.0,0.0,0.0,0.0,0.0,0.0,0.0,0.0,"{""session"": ""altamahafiber"", ""variables"": {""address"": ""1700 Jefferson St, Oakland, CA"", ""zip_code"": ""94612""}}"
9aae5af657ecc1e929741ffa4d61d110,77.479889,36970.0,743.0,37713.0,29202.0,626.0,29828.0,7768.0,117.0,7885.0,"{""session"": ""coosavalleytech"", ""variables"": {""address"": ""1625 Clay St, Oakland, CA"", ""zip_code"": ""94612""}}"
9b503bb04202804da7f0ef1251c4eec2,79.168696,37044.0,884.0,37928.0,29286.0,780.0,30066.0,7758.0,104.0,7862.0,"{""session"": ""oklatel"", ""variables"": {""address"": ""1605 Clay St, Oakland, CA"", ""zip_code"": ""94612""}}"
9c01ebe82ec11366439139c6240b7091,47.348699,18509.0,178.0,18687.0,10370.0,84.0,10454.0,8139.0,94.0,8233.0,"{""session"": ""truvista"", ""variables"": {""address"": ""17th St, Oakland, CA, 94612"", ""only_address"": ""17th St"", ""city"": ""Oakland"", ""state"": ""CA"", ""zip_code"": ""94612"", ""email"": ""iwright@example.net""}}"
9d448a6096f7d1fb2766c4e3a5a9c9cb,36.659393,0.0,0.0,0.0,0.0,0.0,0.0,0.0,0.0,0.0,"{""session"": ""gvec"", ""variables"": {""address"": ""1605 Clay St, Oakland, CA, 94612"", ""only_address"": ""1605 Clay St"", ""city"": ""Oakland"", ""state"": ""CA"", ""zip_code"": ""94612"", ""email"": ""david19@example.org""}}"
9d47c36d0b561778c9573beb4df04592,75.091563,47247.0,979.0,48226.0,39660.0,820.0,40480.0,7587.0,159.0,7746.0,"{""session"": ""sprout"", ""variables"": {""address"": ""1625 Clay St, Oakland, CA"", ""zip_code"": ""94612""}}"
a32d5a83c52cf98b8a6e3ddb14987e4d,135.05595,166787.0,3295.0,170082.0,136088.0,2875.0,138963.0,30699.0,420.0,31119.0,"{""session"": ""hyak"", ""variables"": {""address"": ""1700 Jefferson St, Oakland, CA"", ""zip_code"": ""94612""}}"
a5f49e05ae69a95fcd29a96bd29384f8,104.619086,103785.0,2014.0,105799.0,81039.0,1717.0,82756.0,22746.0,297.0,23043.0,"{""session"": ""ozarkfiber"", ""variables"": {""address"": ""200 Frank H Ogawa Plz, Oakland, CA"", ""zip_code"": ""94612""}}"
a6c73754afe96a868db4672ff0213e90,104.326122,104089.0,2046.0,106135.0,81346.0,1724.0,83070.0,22743.0,322.0,23065.0,"{""session"": ""ozarkfiber"", ""variables"": {""address"": ""1700 Jefferson St, Oakland, CA"", ""zip_code"": ""94612""}}"
a7a1ad2bbc38f30a83c0b5995f5a038b,91.417764,55190.0,940.0,56130.0,39406.0,732.0,40138.0,15784.0,208.0,15992.0,"{""session"": ""arvig"", ""variables"": {""address"": ""200 Frank H Ogawa Plz, Oakland, CA"", ""zip_code"": ""94612""}}"
a927f00debe40356b2c162d93cc8d99e,141.633244,165379.0,3347.0,168726.0,134868.0,2904.0,137772.0,30511.0,443.0,30954.0,"{""session"": ""como"", ""variables"": {""address"": ""1625 Clay St, Oakland, CA"", ""zip_code"": ""94612""}}"
abc1d691c354e15493cb25baa43c3495,74.683866,36911.0,648.0,37559.0,29142.0,542.0,29684.0,7769.0,106.0,7875.0,"{""session"": ""connectctc"", ""variables"": {""address"": ""1700 Jefferson St, Oakland, CA"", ""zip_code"": ""94612""}}"
ac5867a385334384a8bf67cc22231908,135.818415,145920.0,3329.0,149249.0,114627.0,2871.0,117498.0,31293.0,458.0,31751.0,"{""session"": ""teammidwest"", ""variables"": {""address"": ""200 Frank H Ogawa Plz, Oakland, CA"", ""zip_code"": ""94612""}}"
af848625481f864210bf57454f4976f8,92.183267,90913.0,2424.0,93337.0,74761.0,2145.0,76906.0,16152.0,279.0,16431.0,"{""session"": ""truvista"", ""variables"": {""address"": ""1605 Clay St, Oakland, CA, 94612"", ""only_address"": ""1605 Clay St"", ""city"": ""Oakland"", ""state"": ""CA"", ""zip_code"": ""94612"", ""email"": ""zoneal@example.org""}}"
afc1e5b933029c5e8c1f6d35e2dc8344,38.388205,0.0,0.0,0.0,0.0,0.0,0.0,0.0,0.0,0.0,"{""session"": ""homeworks"", ""variables"": {""address"": ""17th St, Oakland, CA, 94612, Oakland, CA, 94612"", ""email"": ""jennifer55@example.org""}}"
b3542c510ae869c539940a1f6bea9026,131.41904,167563.0,3363.0,170926.0,136854.0,2889.0,139743.0,30709.0,474.0,31183.0,"{""session"": ""hyak"", ""variables"": {""address"": ""17th St, Oakland, CA"", ""zip_code"": ""94612""}}"
b72ad2e22041cc3158b7619caad6f0ba,175.636978,188008.0,3727.0,191735.0,157395.0,3192.0,160587.0,30613.0,535.0,31148.0,"{""session"": ""cceca"", ""variables"": {""address"": ""17th St, Oakland, CA"", ""zip_code"": ""94612""}}"
b75928ae96d9cf6edb4d6389a0857f59,91.787543,57539.0,1169.0,58708.0,49774.0,1058.0,50832.0,7765.0,111.0,7876.0,"{""session"": ""coosavalleytech"", ""variables"": {""address"": ""1605 Clay St, Oakland, CA"", ""zip_code"": ""94612""}}"
b80a1de6176ca4172a57526de2b8fc4e,132.469812,98555.0,10363.0,108918.0,82403.0,10046.0,92449.0,16152.0,317.0,16469.0,"{""session"": ""truvista"", ""variables"": {""address"": ""1625 Clay St, Oakland, CA, 94612"", ""only_address"": ""1625 Clay St"", ""city"": ""Oakland"", ""state"": ""CA"", ""zip_code"": ""94612"", ""email"": ""delgadoapril@example.org""}}"
b88c2b69abd1900bb6ac52add8b50007,156.631863,171308.0,4343.0,175651.0,140797.0,3854.0,144651.0,30511.0,489.0,31000.0,"{""session"": ""firefly"", ""variables"": {""address"": ""1605 Clay St, Oakland, CA"", ""zip_code"": ""94612""}}"
b9415fca5ae8b8d96a4849ea0d7ce6cd,73.422665,82785.0,1409.0,84194.0,59605.0,1134.0,60739.0,23180.0,275.0,23455.0,"{""session"": ""ezeefiber"", ""variables"": {""address"": ""1605 Clay St, Oakland, CA"", ""zip_code"": ""94612""}}"
bb8bc3d3c7d20f40432f1994573fc0e0,193.830293,207157.0,4952.0,212109.0,176336.0,4489.0,180825.0,30821.0,463.0,31284.0,"{""session"": ""zirrus"", ""variables"": {""address"": ""1625 Clay St, Oakland, CA"", ""zip_code"": ""94612""}}"
bbd0c45af971d3fb03447b87dbed382c,99.115893,102763.0,2672.0,105435.0,86602.0,2387.0,88989.0,16161.0,285.0,16446.0,"{""session"": ""truvista"", ""variables"": {""address"": ""1700 Jefferson St, Oakland, CA, 94612"", ""only_address"": ""1700 Jefferson St"", ""city"": ""Oakland"", ""state"": ""CA"", ""zip_code"": ""94612"", ""email"": ""christian86@example.net""}}"
bcac9710c92ec377e13a6446b5eec505,141.016842,145971.0,3067.0,149038.0,114672.0,2555.0,117227.0,31299.0,512.0,31811.0,"{""session"": ""teammidwest"", ""variables"": {""address"": ""1625 Clay St, Oakland, CA"", ""zip_code"": ""94612""}}"
bfbfe2f6031a34f49bfec3a48f28405c,134.695837,166995.0,3627.0,170622.0,136478.0,3163.0,139641.0,30517.0,464.0,30981.0,"{""session"": ""como"", ""variables"": {""address"": ""1605 Clay St, Oakland, CA"", ""zip_code"": ""94612""}}"
c08197e22b5e8df7df5ce32d4f1b9d45,419.144733,315806.0,14706.0,330512.0,228565.0,13195.0,241760.0,87241.0,1511.0,88752.0,"{""session"": ""personaltouchcomm"", ""variables"": {""address"": ""200 Frank H Ogawa Plz, Oakland, CA"", ""zip_code"": ""94612""}}"
c3c2d5ca2ed93906efb501c39f9c367c,45.557138,0.0,0.0,0.0,0.0,0.0,0.0,0.0,0.0,0.0,"{""session"": ""altamahafiber"", ""variables"": {""address"": ""1625 Clay St, Oakland, CA"", ""zip_code"": ""94612""}}"
c5c652f84eea7c25f801943a9664814c,69.288237,36928.0,668.0,37596.0,29160.0,531.0,29691.0,7768.0,137.0,7905.0,"{""session"": ""connectctc"", ""variables"": {""address"": ""1605 Clay St, Oakland, CA"", ""zip_code"": ""94612""}}"
c6fc82c1654a6fc2be5312bcf2f82ccf,27.687935,0.0,0.0,0.0,0.0,0.0,0.0,0.0,0.0,0.0,"{""session"": ""woodruffelectric"", ""variables"": {""address"": ""1700 Jefferson St, Oakland, CA"", ""zip_code"": ""94612""}}"
c7b241c52cd4ce7e242e0c57765bac80,145.591949,138153.0,3314.0,141467.0,114762.0,2904.0,117666.0,23391.0,410.0,23801.0,"{""session"": ""personaltouchcomm"", ""variables"": {""address"": ""1605 Clay St, Oakland, CA"", ""zip_code"": ""94612""}}"
c8e183a9034213e0539ca8cd5f6c8508,119.262032,124471.0,3645.0,128116.0,101478.0,3278.0,104756.0,22993.0,367.0,23360.0,"{""session"": ""homeworks"", ""variables"": {""address"": ""200 Frank H Ogawa Plz, Oakland, CA, 94612, Oakland, CA, 94612"", ""email"": ""piercealicia@example.org""}}"
c9a7d5162e440a583c028bd102bb5f07,137.474976,165232.0,3078.0,168310.0,134720.0,2615.0,137335.0,30512.0,463.0,30975.0,"{""session"": ""firefly"", ""variables"": {""address"": ""1700 Jefferson St, Oakland, CA"", ""zip_code"": ""94612""}}"
ca69c65deb91de1da90e1ba25beacd19,140.624973,166341.0,3681.0,170022.0,135818.0,3248.0,139066.0,30523.0,433.0,30956.0,"{""session"": ""firefly"", ""variables"": {""address"": ""200 Frank H Ogawa Plz, Oakland, CA"", ""zip_code"": ""94612""}}"
cba26b3c3048e693411ddb599f48cd76,110.249597,86667.0,1787.0,88454.0,71134.0,1502.0,72636.0,15533.0,285.0,15818.0,"{""session"": ""duobroadband"", ""variables"": {""address"": ""1700 Jefferson St, Oakland, CA"", ""zip_code"": ""94612""}}"
cc8511ba5fad89043cbd8a583855026a,75.136287,36861.0,701.0,37562.0,29103.0,574.0,29677.0,7758.0,127.0,7885.0,"{""session"": ""oklatel"", ""variables"": {""address"": ""1700 Jefferson St, Oakland, CA"", ""zip_code"": ""94612""}}"
cc9705f4cf14d212fb9f0b3802c68731,87.868918,82514.0,2434.0,84948.0,74719.0,2209.0,76928.0,7795.0,225.0,8020.0,"{""session"": ""nuvera"", ""variables"": {""address"": ""1605 Clay St, Oakland, CA, 94612"", ""only_address"": ""1605 Clay St"", ""city"": ""Oakland"", ""state"": ""CA"", ""zip_code"": ""94612"", ""email"": ""ashley84@example.org""}}"
cd19dfa4ce920d8b452c76bcd207b004,40.027522,0.0,0.0,0.0,0.0,0.0,0.0,0.0,0.0,0.0,"{""session"": ""gvec"", ""variables"": {""address"": ""200 Frank H Ogawa Plz, Oakland, CA, 94612"", ""only_address"": ""200 Frank H Ogawa Plz"", ""city"": ""Oakland"", ""state"": ""CA"", ""zip_code"": ""94612"", ""email"": ""matthewdouglas@example.org""}}"
cd42455b6a8370a71b1b8d4dc7cb8c3b,158.112792,166896.0,3738.0,170634.0,136378.0,3262.0,139640.0,30518.0,476.0,30994.0,"{""session"": ""firefly"", ""variables"": {""address"": ""17th St, Oakland, CA"", ""zip_code"": ""94612""}}"
cdf5206191e29b63c849bbae31abfcf7,96.216453,93332.0,1937.0,95269.0,70588.0,1629.0,72217.0,22744.0,308.0,23052.0,"{""session"": ""ozarkfiber"", ""variables"": {""address"": ""1701 San Pablo Ave, Oakland, CA"", ""zip_code"": ""94612""}}"
cf42a3c9ab4582af90f57e92cabc539b,139.100905,167101.0,3339.0,170440.0,136670.0,2899.0,139569.0,30431.0,440.0,30871.0,"{""session"": ""infinium"", ""variables"": {""address"": ""1625 Clay St, Oakland, CA"", ""zip_code"": ""94612"", ""name_f"": ""Joshua"", ""name_l"": ""Mendez"", ""phone_num"": ""5747366953"", ""email"": ""frank81@example.org""}}"
d0361103d9b46e236c9b8d1716cc738a,126.595379,120815.0,3053.0,123868.0,105281.0,2710.0,107991.0,15534.0,343.0,15877.0,"{""session"": ""nemont"", ""variables"": {""address"": ""1605 Clay St, Oakland, CA"", ""zip_code"": ""94612""}}"
d0659088f7a88faa8a553de97f218ba7,136.630572,167025.0,3234.0,170259.0,136582.0,2801.0,139383.0,30443.0,433.0,30876.0,"{""session"": ""infinium"", ""variables"": {""address"": ""1605 Clay St, Oakland, CA"", ""zip_code"": ""94612"", ""name_f"": ""Emily"", ""name_l"": ""Stout"", ""phone_num"": ""4967742388"", ""email"": ""paul86@example.com""}}"
d06cd8852bb7e98dba3f66f994e3d35a,164.526608,191854.0,4319.0,196173.0,161309.0,3905.0,165214.0,30545.0,414.0,30959.0,"{""session"": ""hyak"", ""variables"": {""address"": ""1625 Clay St, Oakland, CA"", ""zip_code"": ""94612""}}"
d122e6af3e8bf80f7d1ba158a8461f59,138.346475,167752.0,3660.0,171412.0,137003.0,3189.0,140192.0,30749.0,471.0,31220.0,"{""session"": ""personaltouchcomm"", ""variables"": {""address"": ""17th St, Oakland, CA"", ""zip_code"": ""94612""}}"
d320323355e4d5d0522ef4679c27b36d,107.12638,125284.0,2634.0,127918.0,102849.0,2314.0,105163.0,22435.0,320.0,22755.0,"{""session"": ""etex"", ""variables"": {""address"": ""1700 Jefferson St, Oakland, CA"", ""zip_code"": ""94612"", ""name_f"": ""Eric"", ""name_l"": ""Carpenter"", ""phone_num"": ""5497552973"", ""email"": ""ndennis@example.org""}}"
d372567794572c92fac7585f79386e9c,80.980942,82795.0,1483.0,84278.0,59615.0,1158.0,60773.0,23180.0,325.0,23505.0,"{""session"": ""ezeefiber"", ""variables"": {""address"": ""1700 Jefferson St, Oakland, CA"", ""zip_code"": ""94612""}}"
d44b98a1b561277e31e4eea311618fb7,172.909949,177425.0,3776.0,181201.0,146707.0,3312.0,150019.0,30718.0,464.0,31182.0,"{""session"": ""dftcommunications"", ""variables"": {""address"": ""1700 Jefferson St, Oakland, CA"", ""zip_code"": ""94612""}}"
d58a169aa072217b74ff81e5e884758a,105.231829,119543.0,3293.0,122836.0,96103.0,2894.0,98997.0,23440.0,399.0,23839.0,"{""session"": ""truvista"", ""variables"": {""address"": ""200 Frank H Ogawa Plz, Oakland, CA, 94612"", ""only_address"": ""200 Frank H Ogawa Plz"", ""city"": ""Oakland"", ""state"": ""CA"", ""zip_code"": ""94612"", ""email"": ""alexander11@example.org""}}"
d65f749fe3521a52a1658dce9861b487,165.43365,179646.0,3710.0,183356.0,148541.0,3278.0,151819.0,31105.0,432.0,31537.0,"{""session"": ""peariver"", ""variables"": {""address"": ""17th St, Oakland, CA"", ""zip_code"": ""94612"", ""name_f"": ""Natalie"", ""name_l"": ""Thompson"", ""phone_num"": ""2133743568"", ""email"": ""ramseybrittany@example.org""}}"
d6a564838b1b7e28b6fb7915713f32cf,179.037939,173950.0,12198.0,186148.0,143585.0,11735.0,155320.0,30365.0,463.0,30828.0,"{""session"": ""lcub"", ""variables"": {""address"": ""1625 Clay St, Oakland, CA"", ""zip_code"": ""94612""}}"
d6da4191fb7718d7b925780b4284d8ae,129.120866,145371.0,2607.0,147978.0,114462.0,2187.0,116649.0,30909.0,420.0,31329.0,"{""session"": ""pioncomm"", ""variables"": {""address"": ""1700 Jefferson St, Oakland, CA"", ""zip_code"": ""94612""}}"
d8958bde03fde00f4196bd81e654d3d4,82.268269,54238.0,853.0,55091.0,38495.0,662.0,39157.0,15743.0,191.0,15934.0,"{""session"": ""crossbeam"", ""variables"": {""address"": ""1605 Clay St, Oakland, CA"", ""zip_code"": ""94612""}}"
d8c65d7bb2fb2eada41bf435ab0af1ad,81.647654,95650.0,1774.0,97424.0,71838.0,1447.0,73285.0,23812.0,327.0,24139.0,"{""session"": ""buckeyebroadband"", ""variables"": {""address"": ""5937 BARKWOOD LN, SYLVANIA, OH, 43560""}}"
d8ea4a6276a6b839687e1ea9e27bbb04,96.073787,54568.0,897.0,55465.0,38737.0,692.0,39429.0,15831.0,205.0,16036.0,"{""session"": ""caecaccess"", ""variables"": {""address"": ""1700 Jefferson St, Oakland, CA"", ""zip_code"": ""94612""}}"
dab2c317a77eacfcc3c1621e0c39a28d,261.801212,201014.0,4820.0,205834.0,162104.0,4177.0,166281.0,38910.0,643.0,39553.0,"{""session"": ""zirrus"", ""variables"": {""address"": ""1700 Jefferson St, Oakland, CA"", ""zip_code"": ""94612""}}"
db7d18cf142bd800bf55731fb5b2f5b4,123.848594,143926.0,3394.0,147320.0,113738.0,2940.0,116678.0,30188.0,454.0,30642.0,"{""session"": ""etex"", ""variables"": {""address"": ""17th St, Oakland, CA"", ""zip_code"": ""94612"", ""name_f"": ""Melissa"", ""name_l"": ""Liu"", ""phone_num"": ""7513578999"", ""email"": ""hollowaywilliam@example.net""}}"
dbe268ea20863deded7e0450708df955,26.470894,0.0,0.0,0.0,0.0,0.0,0.0,0.0,0.0,0.0,"{""session"": ""woodruffelectric"", ""variables"": {""address"": ""1625 Clay St, Oakland, CA"", ""zip_code"": ""94612""}}"
dbec2d78e49c89911e7c81a5c5ab1e41,145.985671,165162.0,3232.0,168394.0,134651.0,2759.0,137410.0,30511.0,473.0,30984.0,"{""session"": ""como"", ""variables"": {""address"": ""1605 Clay St, Oakland, CA"", ""zip_code"": ""94612""}}"
e097027469e73bd104353b0c8d546fea,74.61409,37008.0,764.0,37772.0,29252.0,651.0,29903.0,7756.0,113.0,7869.0,"{""session"": ""connectctc"", ""variables"": {""address"": ""1625 Clay St, Oakland, CA"", ""zip_code"": ""94612""}}"
e0b0ffa02b2a80c55124ce3fcf003d8a,155.50459,169302.0,3701.0,173003.0,138876.0,3285.0,142161.0,30426.0,416.0,30842.0,"{""session"": ""infinium"", ""variables"": {""address"": ""17th St, Oakland, CA"", ""zip_code"": ""94612"", ""name_f"": ""Allison"", ""name_l"": ""Joseph"", ""phone_num"": ""6322343891"", ""email"": ""craig92@example.org""}}"
e2030da432e6afc2f9d012ff5349fb89,132.853222,86426.0,1764.0,88190.0,70844.0,1482.0,72326.0,15582.0,282.0,15864.0,"{""session"": ""duobroadband"", ""variables"": {""address"": ""1625 Clay St, Oakland, CA"", ""zip_code"": ""94612""}}"
e4017083a700474de520e2ede999e4f5,163.678865,168163.0,3591.0,171754.0,137645.0,3145.0,140790.0,30518.0,446.0,30964.0,"{""session"": ""como"", ""variables"": {""address"": ""17th St, Oakland, CA"", ""zip_code"": ""94612""}}"
e6c69341c417f9fb12954257aa0f6f45,78.877766,93094.0,1763.0,94857.0,70493.0,1459.0,71952.0,22601.0,304.0,22905.0,"{""session"": ""goenergynet"", ""variables"": {""address"": ""1700 Jefferson St, Oakland, CA"", ""zip_code"": ""94612"", ""name_f"": ""Laura"", ""name_l"": ""Bean"", ""phone_num"": ""8578901015"", ""email"": ""kevinking@example.org""}}"
e6c6ab3f9435b28d195f45af70dfe4f4,225.985068,297544.0,6049.0,303593.0,266948.0,5575.0,272523.0,30596.0,474.0,31070.0,"{""session"": ""dftcommunications"", ""variables"": {""address"": ""1605 Clay St, Oakland, CA"", ""zip_code"": ""94612""}}"
e702fa56dcbeef19e86fba905e248dc7,144.25991,167483.0,3523.0,171006.0,136711.0,3048.0,139759.0,30772.0,475.0,31247.0,"{""session"": ""coosavalleytech"", ""variables"": {""address"": ""17th St, Oakland, CA"", ""zip_code"": ""94612""}}"
e82cf68e978f96ef9a737fc4bec0a920,182.349194,175722.0,11639.0,187361.0,144998.0,11189.0,156187.0,30724.0,450.0,31174.0,"{""session"": ""dftcommunications"", ""variables"": {""address"": ""17th St, Oakland, CA"", ""zip_code"": ""94612""}}"
e8441026dcb7994e537e14b9f1307f7e,85.70845,96151.0,1720.0,97871.0,72338.0,1399.0,73737.0,23813.0,321.0,24134.0,"{""session"": ""buckeyebroadband"", ""variables"": {""address"": ""8967 SUMMERFIELD RD, LAMBERTVILLE, MI, 48144""}}"
e8623a66b7c072f01ebd97d5064ec1f2,171.226103,164625.0,3174.0,167799.0,134101.0,2712.0,136813.0,30524.0,462.0,30986.0,"{""session"": ""como"", ""variables"": {""address"": ""17th St, Oakland, CA"", ""zip_code"": ""94612""}}"
e8f60d890a12a3bb2ea3d2a6d5289f8a,136.922412,170695.0,3972.0,174667.0,139940.0,3543.0,143483.0,30755.0,429.0,31184.0,"{""session"": ""nemont"", ""variables"": {""address"": ""17th St, Oakland, CA"", ""zip_code"": ""94612""}}"
ebfbbe727f1311cd287b3349f9b739e4,146.341105,135072.0,3965.0,139037.0,104533.0,3557.0,108090.0,30539.0,408.0,30947.0,"{""session"": ""gigupgreenwood"", ""variables"": {""address"": ""200 Frank H Ogawa Plz, Oakland, CA"", ""zip_code"": ""94612""}}"
ecaaea2ae90f9e7fb32c3b8e7595500e,162.944726,168337.0,3477.0,171814.0,137923.0,3022.0,140945.0,30414.0,455.0,30869.0,"{""session"": ""infinium"", ""variables"": {""address"": ""1700 Jefferson St, Oakland, CA"", ""zip_code"": ""94612"", ""name_f"": ""Joy"", ""name_l"": ""Thomas"", ""phone_num"": ""9568746709"", ""email"": ""robertcox@example.com""}}"
ed4bb81e55ed9263db55437f3780318b,147.376325,177446.0,4074.0,181520.0,146973.0,3655.0,150628.0,30473.0,419.0,30892.0,"{""session"": ""gigupgreenwood"", ""variables"": {""address"": ""17th St, Oakland, CA"", ""zip_code"": ""94612""}}"
ee466ac2573440097ff88c1be3255551,115.989215,133128.0,2860.0,135988.0,102604.0,2420.0,105024.0,30524.0,440.0,30964.0,"{""session"": ""gigupgreenwood"", ""variables"": {""address"": ""1700 Jefferson St, Oakland, CA"", ""zip_code"": ""94612""}}"
ee8d60283d7c9cda16c436de066f48e0,139.421164,167657.0,3808.0,171465.0,137140.0,3369.0,140509.0,30517.0,439.0,30956.0,"{""session"": ""firefly"", ""variables"": {""address"": ""1625 Clay St, Oakland, CA"", ""zip_code"": ""94612""}}"
f19bf96f28d276be09e48de7092ae0fe,181.163473,166647.0,3521.0,170168.0,135818.0,3052.0,138870.0,30829.0,469.0,31298.0,"{""session"": ""zirrus"", ""variables"": {""address"": ""17th St, Oakland, CA"", ""zip_code"": ""94612""}}"
f48385a30330c43fad3a3052aaef59ef,75.692713,47194.0,921.0,48115.0,39607.0,773.0,40380.0,7587.0,148.0,7735.0,"{""session"": ""sprout"", ""variables"": {""address"": ""1700 Jefferson St, Oakland, CA"", ""zip_code"": ""94612""}}"
f6183236d00c87d0537401b0f94466bf,24.258343,0.0,0.0,0.0,0.0,0.0,0.0,0.0,0.0,0.0,"{""session"": ""woodruffelectric"", ""variables"": {""address"": ""17th St, Oakland, CA"", ""zip_code"": ""94612""}}"
f6e9a2c86331da12b479ca73eedabd1a,181.4736,195074.0,4586.0,199660.0,164247.0,4123.0,168370.0,30827.0,463.0,31290.0,"{""session"": ""zirrus"", ""variables"": {""address"": ""1605 Clay St, Oakland, CA"", ""zip_code"": ""94612""}}"
f9ab7a0840c885cdc0ce1c20ba43e0c6,86.275349,54456.0,946.0,55402.0,38713.0,721.0,39434.0,15743.0,225.0,15968.0,"{""session"": ""crossbeam"", ""variables"": {""address"": ""1625 Clay St, Oakland, CA"", ""zip_code"": ""94612""}}"
fac9e34d3820bd979572f9eb6f8dec8a,160.546684,148283.0,3598.0,151881.0,116996.0,3056.0,120052.0,31287.0,542.0,31829.0,"{""session"": ""teammidwest"", ""variables"": {""address"": ""1700 Jefferson St, Oakland, CA"", ""zip_code"": ""94612""}}"
fb89bbb398fa61e4ac765cecf259b315,101.341735,103549.0,2118.0,105667.0,80806.0,1816.0,82622.0,22743.0,302.0,23045.0,"{""session"": ""ozarkfiber"", ""variables"": {""address"": ""1605 Clay St, Oakland, CA"", ""zip_code"": ""94612""}}"
fdc19b1facc7d6ce8f445882e271f1ca,139.335972,165790.0,3701.0,169491.0,135425.0,3247.0,138672.0,30365.0,454.0,30819.0,"{""session"": ""lcub"", ""variables"": {""address"": ""17th St, Oakland, CA"", ""zip_code"": ""94612""}}"
